word,sound
0,aardvark,aardvark__gb_1.mp3
1,adder,adder__gb_1.mp3
2,Afghan hound,afghan_hound_1_gb_1.mp3
3,alligator,alligator__gb_1.mp3
4,alpaca,alpaca__gb_1.mp3
5,Alsatian,alsatian__gb_1.mp3
6,amphibian,amphibian__gb_1.mp3
7,amphibious,amphibious__gb_1.mp3
8,anaconda,anaconda__gb_1.mp3
9,angora,angora__gb_1.mp3
10,animal,animal__gb_1.mp3
11,anteater,anteater__gb_1.mp3
12,antelope,antelope__gb_1.mp3
13,antler,antler__gb_1.mp3
14,ape,ape__gb_1.mp3
15,armadillo,armadillo__gb_1.mp3
16,asp,asp__gb_1.mp3
17,assistance dog,assistance_dog_1_gb_1.mp3
18,attack dog,attack_dog_1_gb_1.mp3
19,baa,baa__gb_1.mp3
20,baa,baa__gb_1.mp3
21,baboon,baboon__gb_1.mp3
22,badger,badger__gb_1.mp3
23,bandicoot,bandicoot__gb_2.mp3
24,bark,bark__gb_2.mp3
25,bark,bark__gb_2.mp3
26,basset,basset__gb_2.mp3
27,bat,bat__gb_4.mp3
28,beagle,beagle__gb_2.mp3
29,bear,bear__gb_2.mp3
30,beast,beast__gb_3.mp3
31,beaver,beaver__gb_1.mp3
32,behaviour,behaviour__gb_2.mp3
33,big cat,big_cat_1_gb_1.mp3
34,bilby,bilby__gb_2.mp3
35,billy goat,billy_goat_1_gb_1.mp3
36,bird dog,bird_dog_1_gb_1.mp3
37,bison,bison__gb_4.mp3
38,bitch,bitch__gb_3.mp3
39,bitzer,bitzer__gb_1.mp3
40,blackface,blackface__gb_2.mp3
41,bloodhound,bloodhound__gb_2.mp3
42,blue whale,blue_whale_1_gb_1.mp3
43,boa,boa__gb_2.mp3
44,boa constrictor,boa_constrictor_1_gb_2.mp3
45,boar,boar__gb_1.mp3
46,bobcat,bobcat__gb_2.mp3
47,Border collie,border_collie_1_gb_1.mp3
48,borzoi,borzoi__gb_3.mp3
49,boxer,boxer__gb_1.mp3
50,breed,breed__gb_1.mp3
51,breed,breed__gb_1.mp3
52,brood mare,brood_mare_1_gb_1.mp3
53,buck,buck__gb_2.mp3
54,buffalo,buffalo__gb_4.mp3
55,bull,bull__gb_2.mp3
56,bulldog,bulldog__gb_2.mp3
57,bullfrog,bullfrog__gb_1.mp3
58,bull mastiff,bull_mastiff_1_gb_1.mp3
59,bullock,bullock__gb_2.mp3
60,bull terrier,bull_terrier_1_gb_1.mp3
61,bunny,bunny__gb_2.mp3
62,burrow,burrow__gb_1.mp3
63,bushbaby,bushbaby__gb_2.mp3
64,bushmaster,bushmaster__gb_1.mp3
65,cage,cage__gb_3.mp3
66,caiman,caiman__gb_2.mp3
67,calf,calf__gb_2.mp3
68,calico cat,calico_cat_1_gb_1.mp3
69,calve,calve__gb_1.mp3
70,camel,camel__gb_3.mp3
71,camouflage,camouflage__gb_1.mp3
72,canine,canine__gb_1.mp3
73,canter,canter__gb_1.mp3
74,canter,canter__gb_1.mp3
75,capybara,capybara__gb_1.mp3
76,carnivore,carnivore__gb_1.mp3
77,carthorse,carthorse__gb_1.mp3
78,cat,cat__gb_2.mp3
79,cattle,cattle__gb_2.mp3
80,cayman,cayman__gb_2.mp3
81,chameleon,chameleon__gb_2.mp3
82,chamois,chamois__gb_5.mp3
83,cheetah,cheetah__gb_2.mp3
84,chestnut,chestnut__gb_2.mp3
85,chihuahua,chihuahua__gb_2.mp3
86,chimpanzee,chimpanzee__gb_3.mp3
87,chinchilla,chinchilla__gb_2.mp3
88,chipmunk,chipmunk__gb_2.mp3
89,civet,civet__gb_1.mp3
90,class,class__gb_3.mp3
91,claw,claw__gb_1.mp3
92,cloven hoof,cloven_hoof_1_gb_1.mp3
93,coat,coat__gb_2.mp3
94,coati,coati__gb_1.mp3
95,cobra,cobra__gb_1.mp3
96,cocker,cocker__gb_1.mp3
97,cold-blooded,cold_blooded_1_gb_1.mp3
98,collie,collie__gb_1.mp3
99,colony,colony__gb_1.mp3
100,colt,colt__gb_1.mp3
101,copperhead,copperhead__gb_1.mp3
102,coral snake,coral_snake_1_gb_1.mp3
103,corgi,corgi__gb_1.mp3
104,cottonmouth,cottonmouth__gb_1.mp3
105,cougar,cougar__gb_2.mp3
106,cow,cow__gb_1.mp3
107,coyote,coyote__gb_1.mp3
108,coypu,coypu__gb_1.mp3
109,creature,creature__gb_1.mp3
110,croak,croak__gb_1.mp3
111,croak,croak__gb_1.mp3
112,croc,croc__gb_1.mp3
113,crocodile,crocodile__gb_2.mp3
114,cross-breed,cross_breed_1_gb_1.mp3
115,cub,cub__gb_1.mp3
116,cull,cull__gb_1.mp3
117,cur,cur__gb_1.mp3
118,dachshund,dachshund__gb_1.mp3
119,Dalmatian,dalmatian__gb_1.mp3
120,deer,deer__gb_2.mp3
121,deerhound,deerhound__gb_1.mp3
122,den,den__gb_1.mp3
123,die out,primarily__gb_5.mp3
124,dingo,dingo__gb_1.mp3
125,dinosaur,dinosaur__gb_2.mp3
126,doe,doe__gb_2.mp3
127,dog,dog__gb_2.mp3
128,dogie,dogie__gb_1.mp3
129,dolphin,dolphin__gb_2.mp3
130,dolphinarium,dolphinarium__gb_3.mp3
131,domestic,domestic__gb_2.mp3
132,domesticate,domesticate__gb_1.mp3
133,domesticated,domesticated__gb_1.mp3
134,donkey,donkey__gb_3.mp3
135,dormouse,dormouse__gb_1.mp3
136,drey,drey__gb_2.mp3
137,dromedary,dromedary__gb_4.mp3
138,drove,drove__gb_4.mp3
139,duck-billed platypus,duck_billed_platypus_1_gb_1.mp3
140,dugong,dugong__gb_1.mp3
141,echidna,echidna__gb_1.mp3
142,elephant,elephant__gb_1.mp3
143,elk,elk__gb_1.mp3
144,elkhound,elk_hound_1_gb_1.mp3
145,endangered,endangered__gb_1.mp3
146,endoskeleton,endoskeleton__gb_1.mp3
147,ewe,ewe__gb_1.mp3
148,extinct,extinct__gb_1.mp3
149,extinction,extinction__gb_1.mp3
150,family,family__gb_1.mp3
151,fang,fang__gb_1.mp3
152,farrow,farrow__gb_1.mp3
153,farrow,farrow__gb_1.mp3
154,fauna,fauna__gb_1.mp3
155,fawn,fawn__gb_1.mp3
156,feed,feed__gb_1.mp3
157,feline,feline__gb_1.mp3
158,ferret,ferret__gb_1.mp3
159,fetlock,fetlock__gb_1.mp3
160,filly,filly__gb_1.mp3
161,flank,flank__gb_1.mp3
162,fleece,fleece__gb_1.mp3
163,flipper,flipper__gb_1.mp3
164,flock,flock__gb_1.mp3
165,fluff,fluff__gb_1.mp3
166,flying fox,flying_fox_1_gb_1.mp3
167,flying squirrel,flying_squirrel_1_gb_1.mp3
168,foal,foal__gb_1.mp3
169,forefoot,forefoot__gb_1.mp3
170,foreleg,foreleg__gb_1.mp3
171,forelock,forelock__gb_1.mp3
172,forever home,forever_home_1_gb_1.mp3
173,four-legged friend,four_legged_friend_1_gb_1.mp3
174,fox,fox__gb_2.mp3
175,foxhound,foxhound__gb_1.mp3
176,fox terrier,fox_terrier_1_gb_1.mp3
177,Friesian,friesian__gb_1.mp3
178,frog,frog__gb_2.mp3
179,froglet,froglet__gb_1.mp3
180,frogspawn,frogspawn__gb_1.mp3
181,fruit bat,fruit_bat_1_gb_1.mp3
182,fur,fur__gb_1.mp3
183,furry,furry__gb_1.mp3
184,gallop,gallop__gb_2.mp3
185,gallop,gallop__gb_2.mp3
186,game,game__gb_2.mp3
187,garter snake,garter_snake_1_gb_1.mp3
188,gecko,gecko__gb_2.mp3
189,gelding,gelding__gb_3.mp3
190,genet,genet__gb_2.mp3
191,genus,genus__gb_2.mp3
192,gerbil,gerbil__gb_2.mp3
193,German shepherd,german_shepherd_1_gb_1.mp3
194,giant panda,giant_panda_1_gb_1.mp3
195,gibbon,gibbon__gb_2.mp3
196,giraffe,giraffe__gb_1.mp3
197,goat,goat__gb_2.mp3
198,golden retriever,golden_retriever_1_gb_1.mp3
199,gopher,gopher__gb_1.mp3
200,gorilla,gorilla__gb_1.mp3
201,grass snake,grass_snake_1_gb_1.mp3
202,graze,graze__gb_1.mp3
203,Great Dane,great_dane_1_gb_1.mp3
204,greyhound,greyhound__gb_1.mp3
205,groundhog,groundhog__gb_1.mp3
206,growl,growl__gb_1.mp3
207,growl,growl__gb_1.mp3
208,grunt,grunt__gb_1.mp3
209,grunt,grunt__gb_1.mp3
210,guard dog,guard_dog_1_gb_1.mp3
211,Guernsey,guernsey_1_gb_1.mp3
212,guide dog,guide_dog_1_gb_1.mp3
213,guinea pig,guinea_pig_1_gb_1.mp3
214,gun dog,gun_dog_1_gb_1.mp3
215,habitat,habitat__gb_4.mp3
216,hackles,hackles__gb_2.mp3
217,hamster,hamster__gb_1.mp3
218,hare,hare__gb_1.mp3
219,harem,harem__gb_1.mp3
220,hart,hart__gb_1.mp3
221,hearing dog,hearing_dog_1_gb_1.mp3
222,hedgehog,hedgehog__gb_1.mp3
223,heifer,heifer__gb_1.mp3
224,herd,herd__gb_1.mp3
225,hibernate,hibernate__gb_1.mp3
226,hide,hide__gb_1.mp3
227,Highland cattle,highland_cattle_1_gb_1.mp3
228,hind,hind__gb_1.mp3
229,hind,hind__gb_1.mp3
230,hindlimb,hindlimb__gb_1.mp3
231,hindquarters,hindquarters__gb_1.mp3
232,hippo,hippo__gb_1.mp3
233,hippopotamus,hippopotamus__gb_1.mp3
234,hock,hock__gb_1.mp3
235,hog,hog__gb_1.mp3
236,hognose snake,hognose_snake_1_gb_1.mp3
237,Holstein,holstein__gb_1.mp3
238,hoof,hoof__gb_1.mp3
239,horn,horn__gb_1.mp3
240,horse,horse__gb_1.mp3
241,hound,hound__gb_1.mp3
242,hound dog,hound_dog_1_gb_1.mp3
243,house-broken,house_broken_1_gb_1.mp3
244,house-trained,house_trained_1_gb_1.mp3
245,hump,hump__gb_1.mp3
246,humpback,humpback__gb_1.mp3
247,humpback whale,humpback_whale_1_gb_1.mp3
248,hunter,hunter__gb_1.mp3
249,husky,husky__gb_1.mp3
250,hutch,hutch__gb_1.mp3
251,hyaena,hyena__gb_1.mp3
252,hyena,hyena__gb_1.mp3
253,hyrax,hyrax__gb_1.mp3
254,ibex,ibex__gb_1.mp3
255,iguana,iguana__gb_1.mp3
256,indigenous,indigenous__gb_1.mp3
257,jackal,jackal__gb_1.mp3
258,jackrabbit,jackrabbit__gb_1.mp3
259,jaguar,jaguar__gb_1.mp3
260,jaw,jaw__gb_1.mp3
261,jersey,jersey__gb_2.mp3
262,kangaroo,kangaroo__gb_1.mp3
263,kennel,kennel__gb_2.mp3
264,kid,kid__gb_2.mp3
265,kinkajou,kinkajou__gb_2.mp3
266,kitten,kitten__gb_3.mp3
267,kitty,kitty__gb_2.mp3
268,koala,koala__gb_2.mp3
269,Komodo dragon,komodo_dragon_1_gb_1.mp3
270,krait,krait__gb_1.mp3
271,Labrador,labrador__gb_1.mp3
272,lair,lair__gb_1.mp3
273,lamb,lamb__gb_1.mp3
274,lapdog,lapdog__gb_1.mp3
275,leash,leash__gb_1.mp3
276,leatherback,leatherback__gb_1.mp3
277,lemming,lemming__gb_1.mp3
278,lemur,lemur__gb_1.mp3
279,leopard,leopard__gb_1.mp3
280,lion,lion__gb_2.mp3
281,litter,litter__gb_1.mp3
282,lizard,lizard__gb_3.mp3
283,llama,llama__gb_1.mp3
284,lodge,lodge__gb_1.mp3
285,longhair,longhair__gb_1.mp3
286,longhorn,longhorn__gb_1.mp3
287,lop ears,lop_ears_1_gb_1.mp3
288,lurcher,lurcher__gb_1.mp3
289,lynx,lynx__gb_1.mp3
290,mamba,mamba__gb_1.mp3
291,mammal,mammal__gb_1.mp3
292,manatee,manatee__gb_1.mp3
293,mane,mane__gb_1.mp3
294,Manx cat,manx_cat_1_gb_1.mp3
295,mare,mare__gb_1.mp3
296,marmalade cat,marmalade_cat_1_gb_1.mp3
297,marmot,marmot__gb_1.mp3
298,marsupial,marsupial__gb_1.mp3
299,marten,marten__gb_1.mp3
300,mastiff,mastiff__gb_1.mp3
301,mate,mate__gb_1.mp3
302,mate,mate__gb_1.mp3
303,meerkat,meerkat__gb_1.mp3
304,meow,meow__gb_1.mp3
305,miaow,miaow__gb_1.mp3
306,miaow,miaow__gb_1.mp3
307,microchip,microchip__gb_1.mp3
308,mink,mink__gb_1.mp3
309,mob,mob__gb_1.mp3
310,moggie,moggie__gb_1.mp3
311,mole,mole__gb_1.mp3
312,molt,molt__gb_1.mp3
313,mongoose,mongoose__gb_1.mp3
314,mongrel,mongrel__gb_1.mp3
315,monitor,monitor__gb_3.mp3
316,monkey,monkey__gb_2.mp3
317,monotreme,monotreme__gb_1.mp3
318,moo,moo__gb_1.mp3
319,moo,moo__gb_1.mp3
320,moult,moult__gb_1.mp3
321,mountain lion,mountain_lion_1_gb_1.mp3
322,mouse,mouse__gb_3.mp3
323,mouser,mouser__gb_1.mp3
324,mule,mule__gb_1.mp3
325,musk ox,musk_ox_1_gb_1.mp3
326,muskrat,muskrat__gb_1.mp3
327,mustang,mustang__gb_1.mp3
328,mutt,mutt__gb_1.mp3
329,muzzle,muzzle__gb_1.mp3
330,nanny goat,nanny_goat_1_gb_1.mp3
331,natterjack,natterjack__gb_1.mp3
332,neigh,neigh__gb_1.mp3
333,neigh,neigh__gb_1.mp3
334,neuter,neuter__gb_1.mp3
335,newt,newt__gb_1.mp3
336,nuzzle,nuzzle__gb_1.mp3
337,ocelot,ocelot__gb_1.mp3
338,okapi,okapi__gb_1.mp3
339,Old English sheepdog,old_english_sheepdog_1_gb_1.mp3
340,opossum,opossum__gb_1.mp3
341,orangutan,orangutan__gb_6.mp3
342,order,order__gb_1.mp3
343,otter,otter__gb_1.mp3
344,ox,ox__gb_1.mp3
345,pachyderm,pachyderm__gb_1.mp3
346,pack,pack__gb_1.mp3
347,pack animal,pack_animal_1_gb_1.mp3
348,packhorse,packhorse__gb_1.mp3
349,pack rat,pack_rat_1_gb_1.mp3
350,pad,pad__gb_1.mp3
351,palomino,palomino__gb_1.mp3
352,panda,panda__gb_3.mp3
353,pangolin,pangolin__gb_1.mp3
354,panther,panther__gb_1.mp3
355,pastern,pastern__gb_1.mp3
356,paw,paw__gb_2.mp3
357,peccary,peccary__gb_1.mp3
358,pedigree,pedigree__gb_1.mp3
359,Pekinese,pekinese__gb_1.mp3
360,pelt,pelt__gb_1.mp3
361,pet,pet__gb_4.mp3
362,pet sitter,pet_sitter_1_gb_1.mp3
363,phylum,phylum__gb_1.mp3
364,pig,pig__gb_1.mp3
365,piglet,piglet__gb_1.mp3
366,pine marten,pine_marten_1_gb_1.mp3
367,pit viper,pit_viper_1_gb_1.mp3
368,platypus,platypus__gb_1.mp3
369,pod,pod__gb_1.mp3
370,pointer,pointer__gb_1.mp3
371,poisonous,poisonous__gb_1.mp3
372,polar bear,polar_bear_1_gb_1.mp3
373,polecat,polecat__gb_1.mp3
374,police dog,police_dog_1_gb_1.mp3
375,polliwog,polliwog__gb_1.mp3
376,pony,pony__gb_1.mp3
377,poodle,poodle__gb_1.mp3
378,porcupine,porcupine__gb_1.mp3
379,porpoise,porpoise__gb_1.mp3
380,potto,potto__gb_1.mp3
381,pouch,pouch__gb_1.mp3
382,prairie dog,prairie_dog_1_gb_1.mp3
383,prairie wolf,prairie_wolf_1_gb_1.mp3
384,predator,predator__gb_1.mp3
385,predatory,predatory__gb_1.mp3
386,prey,prey__gb_1.mp3
387,pride,pride__gb_1.mp3
388,primate,primate__gb_1.mp3
389,puff adder,puff_adder_1_gb_1.mp3
390,pug,pug__gb_1.mp3
391,puma,puma__gb_1.mp3
392,pup,pup__gb_1.mp3
393,puppy,puppy__gb_2.mp3
394,purr,purr__gb_1.mp3
395,pussy,pussy__gb_1.mp3
396,python,python__gb_1.mp3
397,rabbit,rabbit__gb_2.mp3
398,raccoon,raccoon__gb_1.mp3
399,race,race__gb_2.mp3
400,racoon,racoon__gb_1.mp3
401,ram,ram__gb_2.mp3
402,rare breed,rare_breed_1_gb_1.mp3
403,rat,rat__gb_1.mp3
404,rattlesnake,rattlesnake__gb_1.mp3
405,red panda,red_panda_1_gb_1.mp3
406,reindeer,reindeer__gb_1.mp3
407,reptile,reptile__gb_1.mp3
408,reptilian,reptilian__gb_1.mp3
409,retriever,retriever__gb_1.mp3
410,rhinoceros,rhinoceros__gb_1.mp3
411,roan,roan__gb_1.mp3
412,roan,roan__gb_1.mp3
413,roar,roar__gb_1.mp3
414,roar,roar__gb_1.mp3
415,rodent,rodent__gb_1.mp3
416,roo,roo__gb_1.mp3
417,Rottweiler,rottweiler__gb_1.mp3
418,ruminant,ruminant__gb_1.mp3
419,rump,rump__gb_1.mp3
420,running dog,running_dog_1_gb_1.mp3
421,sable,sable__gb_1.mp3
422,salamander,salamander__gb_1.mp3
423,sausage dog,sausage_dog_1_gb_1.mp3
424,scale,scale__gb_1.mp3
425,schnauzer,schnauzer__gb_1.mp3
426,Scottie,scottie__gb_1.mp3
427,Scottish terrier,scottish_terrier_1_gb_1.mp3
428,seal,seal__gb_1.mp3
429,sea lion,sea_lion_1_gb_1.mp3
430,sea turtle,sea_turtle_1_gb_1.mp3
431,Seeing Eye dog™,seeing_eye_dog_1_gb_1.mp3
432,serpent,serpent__gb_1.mp3
433,sett,sett__gb_1.mp3
434,setter,setter__gb_1.mp3
435,shank,shank__gb_1.mp3
436,sheep,sheep__gb_2.mp3
437,sheepdog,sheepdog__gb_1.mp3
438,shell,shell__gb_1.mp3
439,Shetland pony,shetland_pony__gb_1.mp3
440,shorthair,shorthair__gb_1.mp3
441,shorthorn,shorthorn__gb_1.mp3
442,shrew,shrew__gb_1.mp3
443,Siamese cat,siamese_cat_1_gb_1.mp3
444,sidewinder,sidewinder__gb_1.mp3
445,skink,skink__gb_1.mp3
446,skunk,skunk__gb_1.mp3
447,slider,slider__gb_1.mp3
448,slither,slither__gb_1.mp3
449,sloth,sloth__gb_1.mp3
450,snake,snake__gb_2.mp3
451,snarl,snarl__gb_1.mp3
452,snarl,snarl__gb_1.mp3
453,sniffer dog,sniffer_dog_1_gb_1.mp3
454,snort,snort__gb_1.mp3
455,snort,snort__gb_1.mp3
456,snout,snout__gb_1.mp3
457,sow,sow__gb_2.mp3
458,spaniel,spaniel__gb_1.mp3
459,spay,spay__gb_1.mp3
460,species,species__gb_2.mp3
461,spine,spine__gb_1.mp3
462,spiny anteater,spiny_anteater_1_gb_1.mp3
463,squeak,squeak__gb_1.mp3
464,squeak,squeak__gb_1.mp3
465,squeal,squeal__gb_1.mp3
466,squeal,squeal__gb_1.mp3
467,squirrel,squirrel__gb_1.mp3
468,stag,stag__gb_1.mp3
469,stallion,stallion__gb_1.mp3
470,steer,steer__gb_1.mp3
471,stoat,stoat__gb_1.mp3
472,stroke,stroke__gb_1.mp3
473,tabby,tabby__gb_1.mp3
474,tadpole,tadpole__gb_1.mp3
475,tail,tail__gb_2.mp3
476,taipan,taipan__gb_1.mp3
477,tame,tame__gb_1.mp3
478,tapir,tapir__gb_1.mp3
479,teat,teat__gb_1.mp3
480,terrapin,terrapin__gb_1.mp3
481,terrier,terrier__gb_1.mp3
482,tiger,tiger__gb_2.mp3
483,toad,toad__gb_1.mp3
484,tom,tom_1_gb_1.mp3
485,tomcat,tomcat__gb_1.mp3
486,tortoise,tortoise__gb_1.mp3
487,tortoiseshell,tortoiseshell__gb_1.mp3
488,tosa,tosa__gb_1.mp3
489,tracker dog,tracker_dog_1_gb_1.mp3
490,tribe,tribe__gb_1.mp3
491,trot,trot__gb_1.mp3
492,trot,trot__gb_1.mp3
493,trotter,trotter__gb_1.mp3
494,trunk,trunk__gb_1.mp3
495,turtle,turtle__gb_2.mp3
496,tusk,tusk__gb_1.mp3
497,udder,udder__gb_1.mp3
498,underbelly,underbelly__gb_1.mp3
499,vampire bat,vampire_bat_1_gb_1.mp3
500,venom,venom__gb_1.mp3
501,vermin,vermin__gb_1.mp3
502,viper,viper__gb_1.mp3
503,vixen,vixen__gb_1.mp3
504,vole,vole__gb_1.mp3
505,walk,walk__gb_1.mp3
506,wallaby,wallaby__gb_1.mp3
507,walrus,walrus__gb_1.mp3
508,warm-blooded,warm_blooded_1_gb_1.mp3
509,warthog,warthog__gb_1.mp3
510,waterbuck,waterbuck__gb_1.mp3
511,water buffalo,water_buffalo_1_gb_1.mp3
512,water moccasin,water_moccasin_1_gb_1.mp3
513,water rat,water_rat_1_gb_1.mp3
514,water vole,water_vole_1_gb_1.mp3
515,weasel,weasel__gb_1.mp3
516,whale,whale__gb_2.mp3
517,whimper,whimper__gb_1.mp3
518,whimper,whimper__gb_1.mp3
519,whippet,whippet__gb_1.mp3
520,whisker,whisker__gb_1.mp3
521,wild,wild__gb_2.mp3
522,wild boar,wild_boar_1_gb_1.mp3
523,wildcat,wildcat__gb_1.mp3
524,wildlife,wildlife__gb_1.mp3
525,withers,withers__gb_1.mp3
526,wolf,wolf__gb_1.mp3
527,wolfhound,wolfhound__gb_1.mp3
528,wolverine,wolverine__gb_1.mp3
529,wombat,wombat__gb_1.mp3
530,woodchuck,woodchuck__gb_1.mp3
531,woof,woof__gb_1.mp3
532,woof,woof__gb_1.mp3
533,woof,woof__gb_1.mp3
534,wool,wool__gb_1.mp3
535,yak,yak__gb_1.mp3
536,Yorkshire terrier,yorkshire_terrier_1_gb_1.mp3
537,zebra,zebra__gb_1.mp3
538,zebu,zebu__gb_1.mp3
539,albatross,albatross__gb_1.mp3
540,Arctic tern,arctic_tern_1_gb_1.mp3
541,aviary,aviary__gb_1.mp3
542,avocet,avocet__gb_1.mp3
543,bald eagle,bald_eagle_1_gb_1.mp3
544,bantam,bantam__gb_2.mp3
545,barn owl,barn_owl_1_gb_1.mp3
546,beak,beak__gb_2.mp3
547,bill,bill__gb_3.mp3
548,bird,bird__gb_2.mp3
549,bird of paradise,bird_of_paradise_1_gb_1.mp3
550,bird of passage,bird_of_passage_1_gb_1.mp3
551,bird of prey,bird_of_prey_1_gb_1.mp3
552,blackbird,blackbird__gb_2.mp3
553,bluebird,bluebird__gb_3.mp3
554,blue crane,blue_crane_1_gb_1.mp3
555,bluejay,bluejay__gb_2.mp3
556,blue tit,blue_tit_1_gb_1.mp3
557,booby,booby__gb_2.mp3
558,bowerbird,bowerbird__gb_2.mp3
559,breast,breast__gb_1.mp3
560,breed,breed__gb_1.mp3
561,brood,brood__gb_1.mp3
562,budgerigar,budgerigar__gb_1.mp3
563,budgie,budgie__gb_2.mp3
564,bullfinch,bullfinch__gb_2.mp3
565,bustard,bustard__gb_2.mp3
566,buzzard,buzzard__gb_2.mp3
567,cage,cage__gb_3.mp3
568,call,call__gb_3.mp3
569,call,call__gb_3.mp3
570,Canada goose,canada_goose_1_gb_1.mp3
571,canary,canary__gb_1.mp3
572,capercaillie,capercaillie__gb_1.mp3
573,cardinal,cardinal__gb_1.mp3
574,carrier pigeon,carrier_pigeon_1_gb_1.mp3
575,carrion crow,carrion_crow_1_gb_1.mp3
576,cassowary,cassowary__gb_2.mp3
577,catbird,catbird__gb_1.mp3
578,chaffinch,chaffinch__gb_3.mp3
579,chick,chick__gb_6.mp3
580,chickadee,chickadee__gb_3.mp3
581,chicken,chicken__gb_3.mp3
582,chirp,chirp__gb_2.mp3
583,chough,chough__gb_2.mp3
584,claw,claw__gb_1.mp3
585,cluck,cluck__gb_1.mp3
586,clutch,clutch__gb_1.mp3
587,cock,cock__gb_1.mp3
588,cockatiel,cockatiel__gb_1.mp3
589,cockatoo,cockatoo__gb_1.mp3
590,cockerel,cockerel__gb_1.mp3
591,condor,xcondor__gb_1.mp3
592,coo,coup__gb_3.mp3
593,coop,coop__gb_1.mp3
594,coot,coot__gb_1.mp3
595,cormorant,cormorant__gb_1.mp3
596,corncrake,corncrake__gb_1.mp3
597,crane,crane__gb_1.mp3
598,craw,craw__gb_1.mp3
599,crest,crest__gb_1.mp3
600,crop,crop__gb_1.mp3
601,crow,crow__gb_2.mp3
602,cuckoo,cuckoo__gb_1.mp3
603,curlew,curlew__gb_1.mp3
604,cygnet,cygnet__gb_1.mp3
605,dipper,dipper__gb_2.mp3
606,dive,dive__gb_2.mp3
607,dove,dove__gb_2.mp3
608,down,down__gb_1.mp3
609,drake,drake__gb_2.mp3
610,drongo,drongo__gb_2.mp3
611,duck,duck__gb_2.mp3
612,duckling,duckling__gb_1.mp3
613,dunlin,dunlin__gb_1.mp3
614,dunnock,dunnock__gb_1.mp3
615,eagle,eagle__gb_1.mp3
616,eagle owl,eagle_owl_1_gb_1.mp3
617,eaglet,eaglet__gb_1.mp3
618,egg,egg__gb_3.mp3
619,egret,egret__gb_1.mp3
620,emperor penguin,emperor_penguin_1_gb_1.mp3
621,emu,emu__gb_2.mp3
622,falcon,falcon__gb_1.mp3
623,feather,feather__gb_1.mp3
624,finch,finch__gb_1.mp3
625,flamingo,flamingo__gb_1.mp3
626,flight,flight__gb_1.mp3
627,fly,fly__gb_1.mp3
628,flycatcher,flycatcher__gb_1.mp3
629,fowl,fowl__gb_1.mp3
630,frigate bird,frigate_bird_1_gb_1.mp3
631,fulmar,fulmar__gb_1.mp3
632,gaggle,gaggle__gb_2.mp3
633,game,game__gb_2.mp3
634,game bird,game_bird_1_gb_1.mp3
635,gander,gander__gb_1.mp3
636,gannet,gannet__gb_2.mp3
637,gizzard,gizzard__gb_2.mp3
638,gobbler,gobbler__gb_1.mp3
639,goldcrest,goldcrest__gb_1.mp3
640,golden eagle,golden_eagle_1_gb_1.mp3
641,goldfinch,goldfinch__gb_3.mp3
642,goose,goose__gb_2.mp3
643,goshawk,goshawk__gb_2.mp3
644,gosling,gosling__gb_2.mp3
645,grackle,grackle__gb_1.mp3
646,grebe,grebe__gb_1.mp3
647,grouse,grouse__gb_1.mp3
648,guillemot,guillemot__gb_2.mp3
649,guinea fowl,guinea_fowl_1_gb_2.mp3
650,gull,gull__gb_2.mp3
651,harrier,harrier__gb_1.mp3
652,hatch,hatch__gb_1.mp3
653,hatchling,hatchling__gb_1.mp3
654,hawk,hawk__gb_1.mp3
655,hen,hen__gb_1.mp3
656,heron,heron__gb_1.mp3
657,herring gull,herring_gull_1_gb_1.mp3
658,homing pigeon,homing_pigeon_1_gb_1.mp3
659,hoopoe,hoopoe__gb_1.mp3
660,hoot,hoot__gb_1.mp3
661,hoot,hoot__gb_1.mp3
662,hop,hop__gb_1.mp3
663,hop,hop__gb_1.mp3
664,hornbill,hornbill__gb_1.mp3
665,house martin,house_martin_1_gb_1.mp3
666,house sparrow,house_sparrow_1_gb_1.mp3
667,hover,hover__gb_1.mp3
668,hummingbird,hummingbird__gb_1.mp3
669,ibis,ibis__gb_1.mp3
670,incubate,incubate__gb_1.mp3
671,jackdaw,jackdaw__gb_1.mp3
672,jay,jay__gb_1.mp3
673,kestrel,kestrel__gb_1.mp3
674,kingfisher,kingfisher__gb_1.mp3
675,kite,kite__gb_2.mp3
676,kittiwake,kittiwake__gb_2.mp3
677,kiwi,kiwi__gb_3.mp3
678,kookaburra,kookaburra__gb_1.mp3
679,lapwing,lapwing__gb_1.mp3
680,lark,lark__gb_1.mp3
681,lay,lay__gb_1.mp3
682,linnet,linnet__gb_1.mp3
683,little owl,little_owl_1_gb_1.mp3
684,loon,loon__gb_1.mp3
685,lorikeet,lorikeet__gb_1.mp3
686,lovebird,lovebird__gb_1.mp3
687,lyrebird,lyrebird__gb_1.mp3
688,macaw,macaw__gb_1.mp3
689,magpie,magpie__gb_1.mp3
690,mandible,mandible__gb_1.mp3
691,mate,mate__gb_1.mp3
692,mate,mate__gb_1.mp3
693,meadowlark,meadowlark__gb_1.mp3
694,merlin,merlin__gb_1.mp3
695,migrate,migrate__gb_2.mp3
696,migration,migration__gb_2.mp3
697,missel thrush,missel_thrush_1_gb_1.mp3
698,mistle thrush,mistle_thrush_1_gb_1.mp3
699,mockingbird,mockingbird__gb_1.mp3
700,moorhen,moorhen__gb_1.mp3
701,mynah,mynah__gb_1.mp3
702,nest,nest__gb_1.mp3
703,nest,nest__gb_1.mp3
704,nestling,nestling__gb_1.mp3
705,nightingale,nightingale__gb_1.mp3
706,nightjar,nightjar__gb_1.mp3
707,nuthatch,nuthatch__gb_1.mp3
708,oriole,oriole__gb_1.mp3
709,osprey,osprey__gb_1.mp3
710,ostrich,ostrich__gb_1.mp3
711,owl,owl__gb_1.mp3
712,owlet,owlet__gb_1.mp3
713,oystercatcher,oystercatcher__gb_1.mp3
714,parakeet,parrakeet__gb_1.mp3
715,parrot,parrot__gb_1.mp3
716,partridge,partridge__gb_1.mp3
717,peacock,peacock__gb_1.mp3
718,peafowl,peafowl__gb_1.mp3
719,peahen,peahen__gb_1.mp3
720,peck,peck__gb_1.mp3
721,peck,peck__gb_1.mp3
722,peewit,peewit__gb_1.mp3
723,pelican,pelican__gb_1.mp3
724,penguin,penguin__gb_3.mp3
725,perch,perch__gb_1.mp3
726,peregrine,peregrine__gb_1.mp3
727,petrel,petrel__gb_1.mp3
728,pheasant,pheasant__gb_1.mp3
729,pigeon,pigeon__gb_1.mp3
730,pipit,pipit__gb_1.mp3
731,plover,plover__gb_1.mp3
732,plumage,plumage__gb_1.mp3
733,poultry,poultry__gb_1.mp3
734,prey,prey__gb_1.mp3
735,ptarmigan,ptarmigan__gb_1.mp3
736,puffin,puffin__gb_1.mp3
737,quack,quack__gb_1.mp3
738,quack,quack__gb_1.mp3
739,quail,quail__gb_1.mp3
740,raven,raven__gb_1.mp3
741,razorbill,razorbill__gb_1.mp3
742,redshank,redshank__gb_1.mp3
743,rhea,rhea__gb_1.mp3
744,roadrunner,roadrunner__gb_1.mp3
745,robin,robin__gb_1.mp3
746,rook,rook__gb_1.mp3
747,rookery,rookery__gb_1.mp3
748,roost,roost__gb_1.mp3
749,roost,roost__gb_1.mp3
750,rooster,rooster__gb_1.mp3
751,ruff,ruff__gb_1.mp3
752,sand martin,sand_martin_1_gb_1.mp3
753,sandpiper,sandpiper__gb_1.mp3
754,seabird,seabird__gb_1.mp3
755,seagull,seagull__gb_1.mp3
756,secretary bird,secretary_bird_1_gb_1.mp3
757,shag,shag__gb_1.mp3
758,shearwater,shearwater__gb_1.mp3
759,shrike,shrike__gb_1.mp3
760,skua,skua__gb_1.mp3
761,skylark,skylark__gb_1.mp3
762,snipe,snipe__gb_1.mp3
763,soar,soar__gb_1.mp3
764,song,song__gb_1.mp3
765,songbird,songbird__gb_1.mp3
766,sparrow,sparrow__gb_1.mp3
767,sparrowhawk,sparrowhawk__gb_1.mp3
768,spoonbill,spoonbill__gb_1.mp3
769,squawk,squawk__gb_1.mp3
770,squawk,squawk__gb_1.mp3
771,starling,starling__gb_1.mp3
772,stork,stork__gb_1.mp3
773,swallow,swallow__gb_1.mp3
774,swan,swan_1_gb_1.mp3
775,swift,swift__gb_1.mp3
776,tail,tail__gb_2.mp3
777,talon,talon__gb_1.mp3
778,tawny owl,tawny_owl_1_gb_1.mp3
779,tern,tern__gb_1.mp3
780,thrush,thrush__gb_1.mp3
781,tit,tit__gb_1.mp3
782,titmouse,titmouse__gb_1.mp3
783,toucan,toucan__gb_1.mp3
784,turkey,turkey__gb_1.mp3
785,turtle dove,turtle_dove_1_gb_1.mp3
786,tweet,tweet__gb_1.mp3
787,tweet,tweet__gb_1.mp3
788,twitter,twitter__gb_1.mp3
789,twitter,twitter__gb_1.mp3
790,vent,vent__gb_1.mp3
791,vulture,vulture__gb_1.mp3
792,wader,wader__gb_1.mp3
793,waterfowl,waterfowl__gb_1.mp3
794,wattle,wattle__gb_1.mp3
795,weaver bird,weaver_bird_1_gb_1.mp3
796,whippoorwill,whippoorwill__gb_1.mp3
797,wing,wing__gb_1.mp3
798,wishbone,wishbone__gb_1.mp3
799,woodcock,woodcock__gb_1.mp3
800,woodpecker,woodpecker__gb_1.mp3
801,wood pigeon,wood_pigeon_1_gb_1.mp3
802,wren,wren__gb_1.mp3
803,yellowhammer,yellowhammer__gb_1.mp3
804,abalone,abalone__gb_1.mp3
805,anchovy,anchovy__gb_1.mp3
806,angelfish,angelfish__gb_1.mp3
807,aquarium,aquarium__gb_1.mp3
808,barnacle,barnacle__gb_2.mp3
809,barracouta,barracouta__gb_1.mp3
810,barracuda,barracuda__gb_1.mp3
811,barramundi,barramundi__gb_1.mp3
812,bass,bass__gb_7.mp3
813,beluga,beluga__gb_4.mp3
814,bivalve,bivalve__gb_2.mp3
815,bluefish,bluefish__gb_1.mp3
816,bottom feeder,bottom_feeder_1_gb_1.mp3
817,bowfin,bowfin__gb_2.mp3
818,brachiopod,brachiopod__gb_1.mp3
819,bream,bream__gb_1.mp3
820,catfish,catfish__gb_2.mp3
821,chinook,chinook__gb_3.mp3
822,chub,chub__gb_2.mp3
823,clam,clam__gb_1.mp3
824,claw,claw__gb_1.mp3
825,cockle,cockle__gb_1.mp3
826,cod,cod__gb_2.mp3
827,codfish,codfish__gb_1.mp3
828,coelacanth,coelacanth__gb_1.mp3
829,coley,coley__gb_1.mp3
830,conger,xconger__gb_1.mp3
831,coral,coral__gb_1.mp3
832,crab,crab__gb_2.mp3
833,crawfish,crawfish__gb_1.mp3
834,cray,cray__gb_1.mp3
835,crayfish,crayfish__gb_1.mp3
836,crustacean,crustacean__gb_1.mp3
837,cuttlefish,cuttlefish__gb_1.mp3
838,dab,dab__gb_1.mp3
839,dogfish,dogfish__gb_1.mp3
840,dory,dory__gb_2.mp3
841,eel,eel__gb_1.mp3
842,egg,egg__gb_3.mp3
843,electric eel,electric_eel_1_gb_1.mp3
844,elver,elver__gb_1.mp3
845,fin,fin__gb_2.mp3
846,fish,fish__gb_3.mp3
847,fishbowl,fishbowl__gb_1.mp3
848,flatfish,flatfish__gb_1.mp3
849,flounder,flounder__gb_1.mp3
850,freshwater,freshwater__gb_1.mp3
851,game fish,game_fish_1_gb_1.mp3
852,gill,gill__gb_4.mp3
853,goldfish,goldfish__gb_2.mp3
854,goldfish bowl,goldfish_bowl_1_gb_1.mp3
855,grilse,grilse__gb_1.mp3
856,guppy,guppy__gb_2.mp3
857,haddock,haddock__gb_2.mp3
858,hake,hake__gb_8.mp3
859,halibut,halibut__gb_2.mp3
860,harlequin fish,harlequin_fish_1_gb_1.mp3
861,hatch,hatch__gb_1.mp3
862,hermit crab,hermit_crab_1_gb_1.mp3
863,herring,herring__gb_1.mp3
864,hoki,hoki__gb_1.mp3
865,horse mackerel,horse_mackerel_1_gb_1.mp3
866,jellyfish,jellyfish__gb_1.mp3
867,John Dory,john_dory_1_gb_1.mp3
868,koi,koi__gb_2.mp3
869,krill,krill__gb_1.mp3
870,lamprey,lamprey__gb_1.mp3
871,langouste,langouste__gb_6.mp3
872,langoustine,langoustine__gb_3.mp3
873,lanternfish,lanternfish__gb_1.mp3
874,lay,lay__gb_1.mp3
875,limpet,limpet__gb_1.mp3
876,lobster,lobster__gb_1.mp3
877,lugworm,lugworm__gb_1.mp3
878,lungfish,lungfish__gb_1.mp3
879,mackerel,mackerel__gb_1.mp3
880,manta,manta__gb_1.mp3
881,marlin,marlin__gb_1.mp3
882,minnow,minnow__gb_1.mp3
883,molly,molly__gb_1.mp3
884,moray,moray__gb_2.mp3
885,mudskipper,mudskipper__gb_1.mp3
886,mullet,mullet__gb_1.mp3
887,mussel,mussel__gb_1.mp3
888,nautilus,nautilus__gb_1.mp3
889,oceanarium,oceanarium__gb_1.mp3
890,octopus,octopus__gb_2.mp3
891,oyster,oyster__gb_1.mp3
892,perch,perch__gb_1.mp3
893,pike,pike__gb_1.mp3
894,pilchard,pilchard__gb_1.mp3
895,pincer,pincer__gb_1.mp3
896,piranha,piranha__gb_1.mp3
897,plaice,plaice__gb_1.mp3
898,plankton,plankton__gb_1.mp3
899,polyp,polyp__gb_1.mp3
900,Portuguese man-of-war,portuguese_man_of_war_1_gb_1.mp3
901,prawn,prawn__gb_1.mp3
902,pufferfish,pufferfish__gb_1.mp3
903,rainbow trout,rainbow_trout_1_gb_1.mp3
904,ray,ray__gb_1.mp3
905,razor shell,razor_shell_1_gb_1.mp3
906,salmon,salmon__gb_1.mp3
907,saltwater,saltwater__gb_2.mp3
908,sardine,sardine__gb_1.mp3
909,scale,scale__gb_1.mp3
910,scallop,scallop__gb_1.mp3
911,school,school__gb_1.mp3
912,sea anemone,sea_anemone_1_gb_1.mp3
913,sea cucumber,sea_cucumber_1_gb_1.mp3
914,sea fish,sea_fish_1_gb_1.mp3
915,seahorse,sea_horse_1_gb_1.mp3
916,sea urchin,sea_urchin_1_gb_1.mp3
917,shark,shark__gb_2.mp3
918,shell,shell__gb_1.mp3
919,shellfish,shellfish__gb_1.mp3
920,shoal,shoal__gb_1.mp3
921,shrimp,shrimp__gb_1.mp3
922,skate,skate__gb_1.mp3
923,skipjack,skipjack__gb_1.mp3
924,snapper,snapper__gb_1.mp3
925,sole,sole__gb_2.mp3
926,spawn,spawn__gb_1.mp3
927,sponge,sponge__gb_2.mp3
928,sprat,sprat__gb_1.mp3
929,squid,squid__gb_1.mp3
930,starfish,starfish__gb_1.mp3
931,stickleback,stickleback__gb_1.mp3
932,stingray,stingray__gb_1.mp3
933,sturgeon,sturgeon__gb_1.mp3
934,sucker,sucker__gb_1.mp3
935,swim,swim__gb_2.mp3
936,swordfish,swordfish__gb_1.mp3
937,tail,tail__gb_2.mp3
938,tench,tench__gb_1.mp3
939,tentacle,tentacle__gb_1.mp3
940,tiddler,tiddler__gb_1.mp3
941,tilapia,tilapia__gb_1.mp3
942,trout,trout__gb_1.mp3
943,tuna,tuna__gb_1.mp3
944,tunny,tunny__gb_1.mp3
945,turbot,turbot__gb_1.mp3
946,vent,vent__gb_1.mp3
947,whelk,whelk__gb_1.mp3
948,whitebait,whitebait__gb_1.mp3
949,whiting,whiting__gb_1.mp3
950,winkle,winkle__gb_1.mp3
951,wrasse,wrasse__gb_1.mp3
952,abdomen,abdomen__gb_1.mp3
953,ant,ant__gb_1.mp3
954,antenna,antenna__gb_1.mp3
955,ant lion,ant_lion_1_gb_1.mp3
956,aphid,aphid__gb_1.mp3
957,arachnid,arachnid__gb_1.mp3
958,arthropod,arthropod__gb_1.mp3
959,bedbug,bedbug__gb_3.mp3
960,bee,bee__gb_2.mp3
961,beetle,beetle__gb_3.mp3
962,blackfly,blackfly__gb_2.mp3
963,black widow,black_widow_1_gb_1.mp3
964,boll weevil,boll_weevil_1_gb_1.mp3
965,brown recluse,brown_recluse_1_gb_1.mp3
966,bug,bug__gb_3.mp3
967,butterfly,butterfly__gb_2.mp3
968,buzz,buzz__gb_2.mp3
969,caddis,caddis__gb_2.mp3
970,caterpillar,caterpillar__gb_1.mp3
971,centipede,centipede__gb_2.mp3
972,chigger,chigger__gb_2.mp3
973,chrysalis,chrysalis__gb_1.mp3
974,cicada,cicada__gb_1.mp3
975,cobweb,cobweb__gb_1.mp3
976,cockchafer,cockchafer__gb_1.mp3
977,cockroach,cockroach__gb_1.mp3
978,cocoon,cocoon__gb_1.mp3
979,Colorado beetle,colorado_beetle_1_gb_1.mp3
980,crane fly,crane_fly_1_gb_1.mp3
981,crawl,crawl__gb_1.mp3
982,creature,creature__gb_1.mp3
983,cricket,cricket__gb_2.mp3
984,daddy-long-legs,daddy_long_legs_1_gb_1.mp3
985,damselfly,damselfly__gb_1.mp3
986,deathwatch beetle,death_watch_beetle_1_gb_1.mp3
987,dragonfly,dragonfly__gb_2.mp3
988,earthworm,earthworm__gb_1.mp3
989,earwig,earwig__gb_1.mp3
990,egg,egg__gb_3.mp3
991,exoskeleton,exoskeleton__gb_1.mp3
992,feeler,feeler__gb_1.mp3
993,fire ant,fire_ant_1_gb_1.mp3
994,firefly,firefly__gb_1.mp3
995,flatworm,flatworm__gb_1.mp3
996,flea,flea__gb_1.mp3
997,fly,fly__gb_1.mp3
998,fly,fly__gb_1.mp3
999,flying,flying__gb_1.mp3
1000,furniture beetle,furniture_beetle_1_gb_1.mp3
1001,glow-worm,glow_worm_1_gb_1.mp3
1002,gnat,gnat__gb_2.mp3
1003,gogga,gogga__gb_4.mp3
1004,grasshopper,grasshopper__gb_1.mp3
1005,greenfly,greenfly__gb_1.mp3
1006,grub,grub__gb_1.mp3
1007,gypsy moth,gypsy_moth_1_gb_1.mp3
1008,harvestman,harvestman__gb_1.mp3
1009,hatch,hatch__gb_1.mp3
1010,hive,hive__gb_1.mp3
1011,hookworm,hookworm__gb_1.mp3
1012,hornet,hornet__gb_1.mp3
1013,insect,insect__gb_2.mp3
1014,invertebrate,invertebrate__gb_1.mp3
1015,invertebrate,invertebrate__gb_1.mp3
1016,jigger,chigger__gb_3.mp3
1017,lacewing,lacewing__gb_3.mp3
1018,ladybird,ladybird__gb_1.mp3
1019,larva,larva__gb_1.mp3
1020,lay,lay__gb_1.mp3
1021,leech,leech__gb_1.mp3
1022,lightning bug,lightning_bug_1_gb_1.mp3
1023,liver fluke,liver_fluke_1_gb_1.mp3
1024,locust,locust__gb_1.mp3
1025,louse,louse__gb_1.mp3
1026,maggot,maggot__gb_1.mp3
1027,mandible,mandible__gb_1.mp3
1028,mantis,mantis__gb_1.mp3
1029,May bug,may_bug_1_gb_1.mp3
1030,mayfly,mayfly__gb_1.mp3
1031,midge,midge__gb_1.mp3
1032,millipede,millepede__gb_1.mp3
1033,minibeast,minibeast__gb_1.mp3
1034,mite,mite__gb_1.mp3
1035,mollusc,mollusc__gb_1.mp3
1036,money spider,money_spider_1_gb_1.mp3
1037,mosquito,mosquito__gb_1.mp3
1038,moth,moth__gb_2.mp3
1039,nematode,nematode__gb_1.mp3
1040,nest,nest__gb_1.mp3
1041,nit,nit__gb_1.mp3
1042,nymph,nymph__gb_1.mp3
1043,pest,pest__gb_1.mp3
1044,plague,plague__gb_1.mp3
1045,poisonous,poisonous__gb_1.mp3
1046,pond skater,pond_skater_1_gb_1.mp3
1047,praying mantis,praying_mantis_1_gb_1.mp3
1048,pupa,pupa__gb_1.mp3
1049,queen,queen_1_gb_1.mp3
1050,red admiral,red_admiral_1_gb_1.mp3
1051,roundworm,roundworm__gb_1.mp3
1052,scarab,scarab__gb_1.mp3
1053,scorpion,scorpion__gb_1.mp3
1054,silkworm,silkworm__gb_1.mp3
1055,silverfish,silverfish__gb_1.mp3
1056,slug,slug__gb_1.mp3
1057,snail,snail__gb_1.mp3
1058,Spanish fly,spanish_fly_1_gb_1.mp3
1059,spider,spider__gb_2.mp3
1060,stag beetle,stag_beetle_1_gb_1.mp3
1061,stick insect,stick_insect_1_gb_1.mp3
1062,sting,sting__gb_1.mp3
1063,sting,sting__gb_1.mp3
1064,swarm,swarm__gb_1.mp3
1065,tapeworm,tapeworm__gb_1.mp3
1066,tarantula,tarantula__gb_1.mp3
1067,termite,termite__gb_1.mp3
1068,thorax,thorax__gb_1.mp3
1069,threadworm,threadworm__gb_1.mp3
1070,tick,tick__gb_1.mp3
1071,venom,venom__gb_1.mp3
1072,wasp,wasp__gb_2.mp3
1073,water strider,water_strider_1_gb_1.mp3
1074,web,web__gb_1.mp3
1075,weevil,weevil__gb_1.mp3
1076,woodlouse,woodlouse__gb_1.mp3
1077,woodworm,woodworm__gb_1.mp3
1078,worm,worm__gb_1.mp3
